Accession	1000 terminals	500 terminals	250 terminals	125 terminals	75 terminals
GB_GCA_000007185.1	YES	YES	NO	NO	NO
GB_GCA_000007345.1	YES	YES	NO	NO	NO
GB_GCA_000011125.1	YES	NO	NO	NO	NO
GB_GCA_000014945.1	YES	NO	NO	NO	NO
GB_GCA_000015805.1	YES	YES	YES	YES	YES
GB_GCA_000018465.1	YES	YES	YES	NO	NO
GB_GCA_000019805.1	YES	YES	NO	NO	NO
GB_GCA_000022445.1	YES	NO	NO	NO	NO
GB_GCA_000145985.1	YES	NO	NO	NO	NO
GB_GCA_000189575.1	YES	YES	YES	NO	NO
GB_GCA_000234805.1	YES	YES	NO	NO	NO
GB_GCA_000247545.1	YES	YES	NO	NO	NO
GB_GCA_000258425.1	YES	NO	NO	NO	NO
GB_GCA_000270325.1	YES	NO	NO	NO	NO
GB_GCA_000303155.1	YES	YES	NO	NO	NO
GB_GCA_000309865.1	YES	YES	YES	NO	NO
GB_GCA_000328525.1	YES	NO	NO	NO	NO
GB_GCA_000389735.1	YES	NO	NO	NO	NO
GB_GCA_000415965.1	YES	YES	YES	NO	NO
GB_GCA_000437055.1	YES	NO	NO	NO	NO
GB_GCA_000495675.1	YES	YES	NO	NO	NO
GB_GCA_000495695.1	YES	YES	YES	NO	NO
GB_GCA_000495735.1	YES	YES	YES	NO	NO
GB_GCA_000508305.1	YES	NO	NO	NO	NO
GB_GCA_000565255.1	YES	YES	YES	YES	YES
GB_GCA_000591035.1	YES	YES	YES	YES	NO
GB_GCA_000828535.1	YES	YES	NO	NO	NO
GB_GCA_000875775.1	YES	YES	NO	NO	NO
GB_GCA_000961135.1	YES	NO	NO	NO	NO
GB_GCA_000969925.1	YES	YES	NO	NO	NO
GB_GCA_000970125.1	YES	NO	NO	NO	NO
GB_GCA_001189275.1	YES	NO	NO	NO	NO
GB_GCA_001402855.1	YES	YES	NO	NO	NO
GB_GCA_001412335.1	YES	NO	NO	NO	NO
GB_GCA_001412355.1	YES	NO	NO	NO	NO
GB_GCA_001443365.1	YES	NO	NO	NO	NO
GB_GCA_001481595.1	YES	NO	NO	NO	NO
GB_GCA_001508615.1	YES	NO	NO	NO	NO
GB_GCA_001508815.1	YES	YES	NO	NO	NO
GB_GCA_001509375.1	YES	NO	NO	NO	NO
GB_GCA_001512385.1	YES	NO	NO	NO	NO
GB_GCA_001516585.1	YES	NO	NO	NO	NO
GB_GCA_001543015.1	YES	YES	NO	NO	NO
GB_GCA_001564275.1	YES	YES	YES	NO	NO
GB_GCA_001577565.1	YES	YES	YES	YES	YES
GB_GCA_001587575.1	YES	NO	NO	NO	NO
GB_GCA_001587605.1	YES	NO	NO	NO	NO
GB_GCA_001587635.1	YES	YES	NO	NO	NO
GB_GCA_001587655.1	YES	YES	YES	NO	NO
GB_GCA_001587695.1	YES	YES	YES	NO	NO
GB_GCA_001593865.1	YES	NO	NO	NO	NO
GB_GCA_001602645.1	YES	NO	NO	NO	NO
GB_GCA_001603195.1	YES	NO	NO	NO	NO
GB_GCA_001717025.1	YES	YES	YES	NO	NO
GB_GCA_001717035.1	YES	YES	YES	NO	NO
GB_GCA_001726015.1	YES	YES	NO	NO	NO
GB_GCA_001896715.1	YES	NO	NO	NO	NO
GB_GCA_001896725.1	YES	YES	NO	NO	NO
GB_GCA_001914405.1	YES	NO	NO	NO	NO
GB_GCA_001940665.1	YES	NO	NO	NO	NO
GB_GCA_002009975.1	YES	YES	YES	NO	NO
GB_GCA_002010045.1	YES	YES	NO	NO	NO
GB_GCA_002010075.1	YES	YES	YES	NO	NO
GB_GCA_002010195.1	YES	YES	NO	NO	NO
GB_GCA_002010215.1	YES	NO	NO	NO	NO
GB_GCA_002010295.1	YES	NO	NO	NO	NO
GB_GCA_002010305.1	YES	NO	NO	NO	NO
GB_GCA_002011035.1	YES	NO	NO	NO	NO
GB_GCA_002011075.1	YES	NO	NO	NO	NO
GB_GCA_002011085.1	YES	NO	NO	NO	NO
GB_GCA_002011125.1	YES	YES	YES	NO	NO
GB_GCA_002011165.1	YES	YES	NO	NO	NO
GB_GCA_002011215.1	YES	YES	YES	NO	NO
GB_GCA_002011315.1	YES	YES	NO	NO	NO
GB_GCA_002067035.1	YES	NO	NO	NO	NO
GB_GCA_002067095.1	YES	NO	NO	NO	NO
GB_GCA_002067115.1	YES	YES	YES	YES	YES
GB_GCA_002067315.1	YES	YES	NO	NO	NO
GB_GCA_002067365.1	YES	YES	NO	NO	NO
GB_GCA_002067495.1	YES	YES	YES	YES	YES
GB_GCA_002067645.1	YES	NO	NO	NO	NO
GB_GCA_002067705.1	YES	YES	NO	NO	NO
GB_GCA_002067795.1	YES	YES	NO	NO	NO
GB_GCA_002067895.1	YES	NO	NO	NO	NO
GB_GCA_002116695.1	YES	YES	NO	NO	NO
GB_GCA_002201895.1	YES	NO	NO	NO	NO
GB_GCA_002254665.1	YES	NO	NO	NO	NO
GB_GCA_002356395.1	YES	YES	NO	NO	NO
GB_GCA_002490245.1	YES	NO	NO	NO	NO
GB_GCA_002494625.1	YES	NO	NO	NO	NO
GB_GCA_002494785.1	YES	NO	NO	NO	NO
GB_GCA_002494795.1	YES	YES	YES	NO	NO
GB_GCA_002494845.1	YES	NO	NO	NO	NO
GB_GCA_002494885.1	YES	NO	NO	NO	NO
GB_GCA_002495025.1	YES	YES	NO	NO	NO
GB_GCA_002495365.1	YES	NO	NO	NO	NO
GB_GCA_002495445.1	YES	YES	NO	NO	NO
GB_GCA_002495685.1	YES	NO	NO	NO	NO
GB_GCA_002495805.1	YES	NO	NO	NO	NO
GB_GCA_002495885.1	YES	NO	NO	NO	NO
GB_GCA_002496325.1	YES	YES	YES	YES	NO
GB_GCA_002496395.1	YES	NO	NO	NO	NO
GB_GCA_002496465.1	YES	YES	NO	NO	NO
GB_GCA_002496495.1	YES	YES	YES	NO	NO
GB_GCA_002496555.1	YES	YES	YES	NO	NO
GB_GCA_002496855.1	YES	NO	NO	NO	NO
GB_GCA_002497105.1	YES	YES	NO	NO	NO
GB_GCA_002497365.1	YES	NO	NO	NO	NO
GB_GCA_002497395.1	YES	NO	NO	NO	NO
GB_GCA_002497655.1	YES	NO	NO	NO	NO
GB_GCA_002497785.1	YES	YES	NO	NO	NO
GB_GCA_002498065.1	YES	YES	YES	YES	YES
GB_GCA_002498225.1	YES	YES	YES	YES	NO
GB_GCA_002498295.1	YES	YES	NO	NO	NO
GB_GCA_002498315.1	YES	NO	NO	NO	NO
GB_GCA_002498375.1	YES	NO	NO	NO	NO
GB_GCA_002498385.1	YES	NO	NO	NO	NO
GB_GCA_002498705.1	YES	NO	NO	NO	NO
GB_GCA_002498825.1	YES	NO	NO	NO	NO
GB_GCA_002499035.1	YES	YES	YES	NO	NO
GB_GCA_002499145.1	YES	NO	NO	NO	NO
GB_GCA_002499445.1	YES	NO	NO	NO	NO
GB_GCA_002499755.1	YES	YES	YES	YES	YES
GB_GCA_002499905.1	YES	YES	NO	NO	NO
GB_GCA_002501765.1	YES	NO	NO	NO	NO
GB_GCA_002502405.1	YES	YES	NO	NO	NO
GB_GCA_002502635.1	YES	NO	NO	NO	NO
GB_GCA_002502735.1	YES	YES	YES	YES	YES
GB_GCA_002502785.1	YES	NO	NO	NO	NO
GB_GCA_002502845.1	YES	YES	YES	YES	NO
GB_GCA_002503085.1	YES	NO	NO	NO	NO
GB_GCA_002503105.1	YES	NO	NO	NO	NO
GB_GCA_002503125.1	YES	YES	YES	YES	YES
GB_GCA_002503365.1	YES	YES	YES	NO	NO
GB_GCA_002503565.1	YES	NO	NO	NO	NO
GB_GCA_002503585.1	YES	NO	NO	NO	NO
GB_GCA_002503825.1	YES	YES	NO	NO	NO
GB_GCA_002504485.1	YES	YES	YES	NO	NO
GB_GCA_002504765.1	YES	NO	NO	NO	NO
GB_GCA_002505535.1	YES	NO	NO	NO	NO
GB_GCA_002505605.1	YES	YES	YES	NO	NO
GB_GCA_002505765.1	YES	NO	NO	NO	NO
GB_GCA_002505895.1	YES	YES	NO	NO	NO
GB_GCA_002505925.1	YES	NO	NO	NO	NO
GB_GCA_002506085.1	YES	YES	YES	NO	NO
GB_GCA_002506105.1	YES	YES	YES	YES	NO
GB_GCA_002506415.1	YES	NO	NO	NO	NO
GB_GCA_002506535.1	YES	NO	NO	NO	NO
GB_GCA_002506785.1	YES	YES	NO	NO	NO
GB_GCA_002506795.1	YES	YES	YES	NO	NO
GB_GCA_002506845.1	YES	NO	NO	NO	NO
GB_GCA_002506915.1	YES	NO	NO	NO	NO
GB_GCA_002507025.1	YES	NO	NO	NO	NO
GB_GCA_002507065.1	YES	YES	NO	NO	NO
GB_GCA_002507245.1	YES	YES	YES	NO	NO
GB_GCA_002507545.1	YES	YES	NO	NO	NO
GB_GCA_002508385.1	YES	YES	YES	YES	NO
GB_GCA_002508475.1	YES	YES	YES	NO	NO
GB_GCA_002508505.1	YES	YES	YES	YES	NO
GB_GCA_002508665.1	YES	NO	NO	NO	NO
GB_GCA_002508675.1	YES	YES	NO	NO	NO
GB_GCA_002508725.1	YES	YES	NO	NO	NO
GB_GCA_002508745.1	YES	YES	NO	NO	NO
GB_GCA_002508765.1	YES	YES	NO	NO	NO
GB_GCA_002508805.1	YES	NO	NO	NO	NO
GB_GCA_002508845.1	YES	NO	NO	NO	NO
GB_GCA_002508855.1	YES	NO	NO	NO	NO
GB_GCA_002508885.1	YES	NO	NO	NO	NO
GB_GCA_002508905.1	YES	NO	NO	NO	NO
GB_GCA_002508935.1	YES	YES	NO	NO	NO
GB_GCA_002509015.1	YES	YES	YES	NO	NO
GB_GCA_002509045.1	YES	YES	NO	NO	NO
GB_GCA_002509335.1	YES	NO	NO	NO	NO
GB_GCA_002509545.1	YES	NO	NO	NO	NO
GB_GCA_002509565.1	YES	YES	YES	NO	NO
GB_GCA_002634415.1	YES	YES	NO	NO	NO
GB_GCA_002737455.1	YES	NO	NO	NO	NO
GB_GCA_002838935.1	YES	NO	NO	NO	NO
GB_GCA_002839545.1	YES	NO	NO	NO	NO
GB_GCA_002839605.1	YES	NO	NO	NO	NO
GB_GCA_002839645.1	YES	YES	NO	NO	NO
GB_GCA_002839675.1	YES	NO	NO	NO	NO
GB_GCA_002839705.1	YES	YES	NO	NO	NO
GB_GCA_002855745.1	YES	NO	NO	NO	NO
GB_GCA_002897955.1	YES	YES	YES	NO	NO
GB_GCA_002898355.1	YES	YES	YES	NO	NO
GB_GCA_002926195.1	YES	YES	NO	NO	NO
GB_GCA_003009755.1	YES	NO	NO	NO	NO
GB_GCA_003020945.1	YES	YES	NO	NO	NO
GB_GCA_003021175.1	YES	YES	YES	YES	YES
GB_GCA_003021305.1	YES	NO	NO	NO	NO
GB_GCA_003021655.1	YES	NO	NO	NO	NO
GB_GCA_003021785.1	YES	NO	NO	NO	NO
GB_GCA_003022765.1	YES	YES	NO	NO	NO
GB_GCA_003023195.1	YES	YES	YES	YES	YES
GB_GCA_003023215.1	YES	YES	YES	NO	NO
GB_GCA_003034855.1	YES	YES	NO	NO	NO
GB_GCA_003056265.1	YES	NO	NO	NO	NO
GB_GCA_003056285.1	YES	YES	YES	YES	YES
GB_GCA_003104905.1	YES	NO	NO	NO	NO
GB_GCA_003141075.1	YES	NO	NO	NO	NO
GB_GCA_003151735.1	YES	NO	NO	NO	NO
GB_GCA_003159405.1	YES	YES	NO	NO	NO
GB_GCA_003164755.1	YES	NO	NO	NO	NO
GB_GCA_003164815.1	YES	YES	YES	NO	NO
GB_GCA_003170075.1	YES	YES	NO	NO	NO
GB_GCA_003194445.1	YES	NO	NO	NO	NO
GB_GCA_003266085.1	YES	YES	YES	NO	NO
GB_GCA_003266145.1	YES	NO	NO	NO	NO
GB_GCA_003315655.1	YES	NO	NO	NO	NO
GB_GCA_003315675.1	YES	NO	NO	NO	NO
GB_GCA_003331425.1	YES	YES	YES	YES	YES
GB_GCA_003352245.1	YES	YES	NO	NO	NO
GB_GCA_003352265.1	YES	YES	YES	YES	YES
GB_GCA_003352285.1	YES	NO	NO	NO	NO
GB_GCA_003491285.1	YES	YES	NO	NO	NO
GB_GCA_003491305.1	YES	NO	NO	NO	NO
GB_GCA_003554885.1	YES	YES	NO	NO	NO
GB_GCA_003555005.1	YES	NO	NO	NO	NO
GB_GCA_003558085.1	YES	YES	NO	NO	NO
GB_GCA_003559435.1	YES	YES	YES	YES	YES
GB_GCA_003565715.1	YES	NO	NO	NO	NO
GB_GCA_003584605.1	YES	YES	NO	NO	NO
GB_GCA_003584625.1	YES	NO	NO	NO	NO
GB_GCA_003600755.1	YES	YES	NO	NO	NO
GB_GCA_003601555.1	YES	NO	NO	NO	NO
GB_GCA_003649205.1	YES	NO	NO	NO	NO
GB_GCA_003650075.1	YES	NO	NO	NO	NO
GB_GCA_003650925.1	YES	NO	NO	NO	NO
GB_GCA_003660555.1	YES	YES	YES	NO	NO
GB_GCA_003838065.1	YES	NO	NO	NO	NO
GB_GCA_003838185.1	YES	YES	YES	YES	YES
GB_GCA_003935005.1	YES	YES	NO	NO	NO
GB_GCA_003940385.1	YES	YES	NO	NO	NO
GB_GCA_004028775.1	YES	YES	NO	NO	NO
GB_GCA_004211975.1	YES	NO	NO	NO	NO
GB_GCA_004212035.1	YES	NO	NO	NO	NO
GB_GCA_004212075.1	YES	YES	NO	NO	NO
GB_GCA_004212085.1	YES	NO	NO	NO	NO
GB_GCA_004332335.1	YES	YES	YES	YES	NO
GB_GCA_004347825.1	YES	YES	NO	NO	NO
GB_GCA_004366975.1	YES	NO	NO	NO	NO
GB_GCA_004366995.1	YES	YES	NO	NO	NO
GB_GCA_004367345.1	YES	YES	YES	YES	NO
GB_GCA_004376295.1	YES	YES	YES	NO	NO
GB_GCA_004376645.1	YES	NO	NO	NO	NO
GB_GCA_004376975.1	YES	NO	NO	NO	NO
GB_GCA_004553595.1	YES	NO	NO	NO	NO
GB_GCA_005222525.1	YES	YES	YES	NO	NO
GB_GCA_005877205.1	YES	NO	NO	NO	NO
GB_GCA_005877385.1	YES	YES	YES	YES	YES
GB_GCA_005888745.1	YES	NO	NO	NO	NO
GB_GCA_005888755.1	YES	YES	YES	YES	YES
GB_GCA_006546655.1	YES	YES	YES	YES	NO
GB_GCA_007118075.1	YES	NO	NO	NO	NO
GB_GCA_013329165.1	YES	NO	NO	NO	NO
GB_GCA_013329655.1	YES	NO	NO	NO	NO
GB_GCA_013329705.1	YES	NO	NO	NO	NO
GB_GCA_013329775.1	YES	NO	NO	NO	NO
GB_GCA_013329795.1	YES	NO	NO	NO	NO
GB_GCA_013329805.1	YES	NO	NO	NO	NO
GB_GCA_013330395.1	YES	NO	NO	NO	NO
GB_GCA_013330535.1	YES	NO	NO	NO	NO
GB_GCA_900025055.1	YES	YES	NO	NO	NO
GB_GCA_900065925.1	YES	NO	NO	NO	NO
GB_GCA_900100715.1	YES	YES	YES	NO	NO
GB_GCA_900177045.1	YES	YES	YES	NO	NO
GB_GCA_900248165.1	YES	YES	NO	NO	NO
GB_GCA_900314605.1	YES	NO	NO	NO	NO
GB_GCA_900314635.1	YES	YES	YES	NO	NO
GB_GCA_900315215.1	YES	NO	NO	NO	NO
GB_GCA_900315655.1	YES	YES	YES	NO	NO
RS_GCF_000006175.1	YES	NO	NO	NO	NO
RS_GCF_000006805.1	YES	YES	NO	NO	NO
RS_GCF_000007005.1	YES	NO	NO	NO	NO
RS_GCF_000007065.1	YES	YES	YES	NO	NO
RS_GCF_000007225.1	YES	YES	YES	NO	NO
RS_GCF_000007305.1	YES	NO	NO	NO	NO
RS_GCF_000008665.1	YES	YES	YES	YES	YES
RS_GCF_000009185.1	YES	YES	NO	NO	NO
RS_GCF_000009965.1	YES	YES	YES	YES	NO
RS_GCF_000011005.1	YES	YES	NO	NO	NO
RS_GCF_000011085.1	YES	NO	NO	NO	NO
RS_GCF_000011105.1	YES	NO	NO	NO	NO
RS_GCF_000011205.1	YES	NO	NO	NO	NO
RS_GCF_000011585.1	YES	NO	NO	NO	NO
RS_GCF_000012285.1	YES	YES	YES	NO	NO
RS_GCF_000012545.1	YES	YES	YES	YES	NO
RS_GCF_000013445.1	YES	YES	YES	NO	NO
RS_GCF_000013725.1	YES	NO	NO	NO	NO
RS_GCF_000015145.1	YES	YES	NO	NO	NO
RS_GCF_000015205.1	YES	NO	NO	NO	NO
RS_GCF_000015225.1	YES	NO	NO	NO	NO
RS_GCF_000015765.1	YES	NO	NO	NO	NO
RS_GCF_000015825.1	YES	YES	YES	NO	NO
RS_GCF_000015945.1	YES	NO	NO	NO	NO
RS_GCF_000016125.1	YES	NO	NO	NO	NO
RS_GCF_000016385.1	YES	NO	NO	NO	NO
RS_GCF_000016525.1	YES	NO	NO	NO	NO
RS_GCF_000016605.1	YES	NO	NO	NO	NO
RS_GCF_000017165.1	YES	YES	NO	NO	NO
RS_GCF_000017185.1	YES	YES	YES	YES	YES
RS_GCF_000017225.1	YES	YES	NO	NO	NO
RS_GCF_000017625.1	YES	YES	NO	NO	NO
RS_GCF_000017945.1	YES	YES	YES	NO	NO
RS_GCF_000018365.1	YES	YES	NO	NO	NO
RS_GCF_000018485.1	YES	YES	NO	NO	NO
RS_GCF_000020905.1	YES	YES	YES	YES	NO
RS_GCF_000021965.1	YES	YES	NO	NO	NO
RS_GCF_000022205.1	YES	YES	YES	YES	YES
RS_GCF_000022365.1	YES	YES	NO	NO	NO
RS_GCF_000022385.1	YES	NO	NO	NO	NO
RS_GCF_000022405.1	YES	YES	NO	NO	NO
RS_GCF_000022425.1	YES	NO	NO	NO	NO
RS_GCF_000022465.1	YES	NO	NO	NO	NO
RS_GCF_000022485.1	YES	NO	NO	NO	NO
RS_GCF_000022545.1	YES	NO	NO	NO	NO
RS_GCF_000023945.1	YES	NO	NO	NO	NO
RS_GCF_000023965.1	YES	NO	NO	NO	NO
RS_GCF_000023985.1	YES	YES	NO	NO	NO
RS_GCF_000024185.1	YES	YES	YES	NO	NO
RS_GCF_000024305.1	YES	YES	YES	NO	NO
RS_GCF_000024625.1	YES	YES	YES	YES	YES
RS_GCF_000024745.1	YES	YES	YES	NO	NO
RS_GCF_000025285.1	YES	YES	YES	YES	NO
RS_GCF_000025325.1	YES	YES	NO	NO	NO
RS_GCF_000025505.1	YES	YES	NO	NO	NO
RS_GCF_000025525.1	YES	YES	YES	NO	NO
RS_GCF_000025625.1	YES	YES	YES	YES	YES
RS_GCF_000025685.1	YES	YES	NO	NO	NO
RS_GCF_000025865.1	YES	NO	NO	NO	NO
RS_GCF_000026045.1	YES	NO	NO	NO	NO
RS_GCF_000063445.1	YES	YES	NO	NO	NO
RS_GCF_000069025.1	YES	NO	NO	NO	NO
RS_GCF_000091665.1	YES	NO	NO	NO	NO
RS_GCF_000092465.1	YES	YES	NO	NO	NO
RS_GCF_000144915.1	YES	YES	YES	YES	YES
RS_GCF_000147875.1	YES	YES	YES	YES	YES
RS_GCF_000148385.1	YES	NO	NO	NO	NO
RS_GCF_000151105.2	YES	YES	YES	YES	NO
RS_GCF_000151205.2	YES	YES	NO	NO	NO
RS_GCF_000151225.1	YES	NO	NO	NO	NO
RS_GCF_000151245.1	YES	NO	NO	NO	NO
RS_GCF_000166095.1	YES	NO	NO	NO	NO
RS_GCF_000172995.2	YES	YES	NO	NO	NO
RS_GCF_000175555.1	YES	YES	NO	NO	NO
RS_GCF_000179575.2	YES	NO	NO	NO	NO
RS_GCF_000186365.1	YES	YES	YES	NO	NO
RS_GCF_000187225.1	YES	NO	NO	NO	NO
RS_GCF_000189555.1	YES	YES	NO	NO	NO
RS_GCF_000189795.1	YES	NO	NO	NO	NO
RS_GCF_000189815.1	YES	NO	NO	NO	NO
RS_GCF_000189835.1	YES	NO	NO	NO	NO
RS_GCF_000189895.1	YES	YES	NO	NO	NO
RS_GCF_000189915.1	YES	NO	NO	NO	NO
RS_GCF_000189935.1	YES	NO	NO	NO	NO
RS_GCF_000189955.1	YES	YES	NO	NO	NO
RS_GCF_000189975.1	YES	NO	NO	NO	NO
RS_GCF_000189995.1	YES	NO	NO	NO	NO
RS_GCF_000190035.1	YES	NO	NO	NO	NO
RS_GCF_000190075.1	YES	NO	NO	NO	NO
RS_GCF_000190095.1	YES	YES	NO	NO	NO
RS_GCF_000190115.1	YES	YES	YES	NO	NO
RS_GCF_000190135.1	YES	NO	NO	NO	NO
RS_GCF_000190155.1	YES	NO	NO	NO	NO
RS_GCF_000190175.1	YES	NO	NO	NO	NO
RS_GCF_000190315.1	YES	YES	YES	YES	YES
RS_GCF_000194625.1	YES	YES	YES	NO	NO
RS_GCF_000195895.1	YES	NO	NO	NO	NO
RS_GCF_000195935.2	YES	NO	NO	NO	NO
RS_GCF_000196655.1	YES	YES	YES	YES	NO
RS_GCF_000196895.1	YES	NO	NO	NO	NO
RS_GCF_000204415.1	YES	NO	NO	NO	NO
RS_GCF_000204925.1	YES	YES	NO	NO	NO
RS_GCF_000211475.1	YES	YES	YES	NO	NO
RS_GCF_000213215.1	YES	NO	NO	NO	NO
RS_GCF_000214415.1	YES	YES	NO	NO	NO
RS_GCF_000215915.2	YES	NO	NO	NO	NO
RS_GCF_000215995.1	YES	YES	NO	NO	NO
RS_GCF_000217715.1	YES	NO	NO	NO	NO
RS_GCF_000217995.1	YES	YES	YES	NO	NO
RS_GCF_000220175.1	YES	NO	NO	NO	NO
RS_GCF_000220645.1	YES	YES	NO	NO	NO
RS_GCF_000221185.1	YES	NO	NO	NO	NO
RS_GCF_000224475.1	YES	YES	YES	YES	YES
RS_GCF_000226975.2	YES	NO	NO	NO	NO
RS_GCF_000230715.2	YES	NO	NO	NO	NO
RS_GCF_000230735.2	YES	YES	YES	YES	YES
RS_GCF_000231015.2	YES	YES	NO	NO	NO
RS_GCF_000235565.1	YES	NO	NO	NO	NO
RS_GCF_000235685.2	YES	NO	NO	NO	NO
RS_GCF_000237865.1	YES	NO	NO	NO	NO
RS_GCF_000243255.1	YES	NO	NO	NO	NO
RS_GCF_000243315.1	YES	YES	YES	YES	YES
RS_GCF_000243455.1	YES	NO	NO	NO	NO
RS_GCF_000245095.1	YES	YES	NO	NO	NO
RS_GCF_000245115.1	YES	YES	NO	NO	NO
RS_GCF_000245135.1	YES	NO	NO	NO	NO
RS_GCF_000245155.1	YES	NO	NO	NO	NO
RS_GCF_000245175.1	YES	YES	NO	NO	NO
RS_GCF_000245195.1	YES	YES	NO	NO	NO
RS_GCF_000245235.1	YES	YES	NO	NO	NO
RS_GCF_000245255.1	YES	YES	NO	NO	NO
RS_GCF_000245275.1	YES	NO	NO	NO	NO
RS_GCF_000246985.2	YES	NO	NO	NO	NO
RS_GCF_000251105.1	YES	NO	NO	NO	NO
RS_GCF_000258515.1	YES	NO	NO	NO	NO
RS_GCF_000263735.1	YES	YES	NO	NO	NO
RS_GCF_000264495.1	YES	NO	NO	NO	NO
RS_GCF_000265525.1	YES	NO	NO	NO	NO
RS_GCF_000275605.1	YES	NO	NO	NO	NO
RS_GCF_000275865.1	YES	NO	NO	NO	NO
RS_GCF_000281695.1	YES	YES	NO	NO	NO
RS_GCF_000302455.1	YES	NO	NO	NO	NO
RS_GCF_000304355.2	YES	NO	NO	NO	NO
RS_GCF_000306725.1	YES	YES	NO	NO	NO
RS_GCF_000306765.2	YES	YES	NO	NO	NO
RS_GCF_000317795.1	YES	YES	NO	NO	NO
RS_GCF_000320505.1	YES	YES	NO	NO	NO
RS_GCF_000327485.1	YES	YES	NO	NO	NO
RS_GCF_000328665.1	YES	NO	NO	NO	NO
RS_GCF_000328685.1	YES	YES	YES	NO	NO
RS_GCF_000334895.1	YES	YES	NO	NO	NO
RS_GCF_000336615.1	YES	YES	NO	NO	NO
RS_GCF_000336635.1	YES	YES	YES	NO	NO
RS_GCF_000336655.1	YES	NO	NO	NO	NO
RS_GCF_000336675.1	YES	YES	NO	NO	NO
RS_GCF_000336715.1	YES	YES	NO	NO	NO
RS_GCF_000336735.1	YES	YES	YES	YES	YES
RS_GCF_000336755.1	YES	NO	NO	NO	NO
RS_GCF_000336775.1	YES	NO	NO	NO	NO
RS_GCF_000336795.1	YES	NO	NO	NO	NO
RS_GCF_000336835.1	YES	NO	NO	NO	NO
RS_GCF_000336855.1	YES	NO	NO	NO	NO
RS_GCF_000336875.1	YES	NO	NO	NO	NO
RS_GCF_000336895.1	YES	NO	NO	NO	NO
RS_GCF_000336915.1	YES	NO	NO	NO	NO
RS_GCF_000336935.1	YES	YES	NO	NO	NO
RS_GCF_000336955.1	YES	YES	YES	NO	NO
RS_GCF_000336975.1	YES	NO	NO	NO	NO
RS_GCF_000336995.1	YES	NO	NO	NO	NO
RS_GCF_000337015.1	YES	NO	NO	NO	NO
RS_GCF_000337035.1	YES	NO	NO	NO	NO
RS_GCF_000337055.1	YES	NO	NO	NO	NO
RS_GCF_000337075.1	YES	YES	YES	NO	NO
RS_GCF_000337095.1	YES	YES	YES	YES	YES
RS_GCF_000337115.1	YES	YES	YES	YES	NO
RS_GCF_000337135.1	YES	NO	NO	NO	NO
RS_GCF_000337155.1	YES	NO	NO	NO	NO
RS_GCF_000337175.1	YES	YES	YES	NO	NO
RS_GCF_000337195.1	YES	YES	NO	NO	NO
RS_GCF_000337235.1	YES	NO	NO	NO	NO
RS_GCF_000337255.1	YES	NO	NO	NO	NO
RS_GCF_000337275.1	YES	NO	NO	NO	NO
RS_GCF_000337295.1	YES	YES	YES	YES	YES
RS_GCF_000337315.1	YES	NO	NO	NO	NO
RS_GCF_000337335.1	YES	NO	NO	NO	NO
RS_GCF_000337375.1	YES	NO	NO	NO	NO
RS_GCF_000337395.1	YES	NO	NO	NO	NO
RS_GCF_000337415.1	YES	YES	NO	NO	NO
RS_GCF_000337435.1	YES	NO	NO	NO	NO
RS_GCF_000337455.1	YES	NO	NO	NO	NO
RS_GCF_000337475.1	YES	YES	YES	NO	NO
RS_GCF_000337495.1	YES	NO	NO	NO	NO
RS_GCF_000337515.1	YES	YES	YES	NO	NO
RS_GCF_000337535.1	YES	NO	NO	NO	NO
RS_GCF_000337555.1	YES	YES	YES	YES	NO
RS_GCF_000337595.1	YES	YES	YES	NO	NO
RS_GCF_000337615.1	YES	NO	NO	NO	NO
RS_GCF_000337635.1	YES	NO	NO	NO	NO
RS_GCF_000337655.1	YES	YES	NO	NO	NO
RS_GCF_000337675.1	YES	NO	NO	NO	NO
RS_GCF_000337695.1	YES	NO	NO	NO	NO
RS_GCF_000337715.1	YES	NO	NO	NO	NO
RS_GCF_000337735.1	YES	NO	NO	NO	NO
RS_GCF_000337755.1	YES	YES	YES	YES	YES
RS_GCF_000337775.1	YES	YES	YES	NO	NO
RS_GCF_000337795.1	YES	YES	YES	YES	YES
RS_GCF_000337815.1	YES	NO	NO	NO	NO
RS_GCF_000337835.1	YES	YES	YES	YES	YES
RS_GCF_000337855.1	YES	YES	YES	YES	YES
RS_GCF_000337875.1	YES	YES	YES	NO	NO
RS_GCF_000337895.1	YES	YES	NO	NO	NO
RS_GCF_000337915.1	YES	YES	NO	NO	NO
RS_GCF_000338775.1	YES	NO	NO	NO	NO
RS_GCF_000340315.1	YES	NO	NO	NO	NO
RS_GCF_000364745.1	YES	NO	NO	NO	NO
RS_GCF_000371805.1	YES	YES	NO	NO	NO
RS_GCF_000376445.1	YES	NO	NO	NO	NO
RS_GCF_000376965.1	YES	YES	YES	NO	NO
RS_GCF_000379085.1	YES	NO	NO	NO	NO
RS_GCF_000383975.1	YES	NO	NO	NO	NO
RS_GCF_000385565.1	YES	YES	YES	NO	NO
RS_GCF_000403645.1	YES	NO	NO	NO	NO
RS_GCF_000404165.1	YES	YES	YES	YES	NO
RS_GCF_000427685.1	YES	YES	YES	NO	NO
RS_GCF_000430485.1	YES	NO	NO	NO	NO
RS_GCF_000430905.1	YES	NO	NO	NO	NO
RS_GCF_000446015.1	YES	YES	YES	NO	NO
RS_GCF_000447865.2	YES	YES	NO	NO	NO
RS_GCF_000455345.1	YES	NO	NO	NO	NO
RS_GCF_000455365.1	YES	NO	NO	NO	NO
RS_GCF_000470655.1	YES	YES	NO	NO	NO
RS_GCF_000474235.1	YES	YES	YES	YES	YES
RS_GCF_000485535.1	YES	NO	NO	NO	NO
RS_GCF_000493245.1	YES	NO	NO	NO	NO
RS_GCF_000495475.1	YES	YES	YES	YES	NO
RS_GCF_000499765.1	YES	YES	NO	NO	NO
RS_GCF_000504205.1	YES	NO	NO	NO	NO
RS_GCF_000504565.1	YES	NO	NO	NO	NO
RS_GCF_000513315.1	YES	YES	YES	YES	NO
RS_GCF_000513855.1	YES	NO	NO	NO	NO
RS_GCF_000517445.1	YES	YES	YES	YES	NO
RS_GCF_000517625.1	YES	YES	NO	NO	NO
RS_GCF_000585495.1	YES	NO	NO	NO	NO
RS_GCF_000591055.1	YES	YES	NO	NO	NO
RS_GCF_000621965.1	YES	YES	YES	NO	NO
RS_GCF_000632495.1	YES	YES	NO	NO	NO
RS_GCF_000685155.1	YES	NO	NO	NO	NO
RS_GCF_000685395.1	YES	NO	NO	NO	NO
RS_GCF_000685635.1	YES	NO	NO	NO	NO
RS_GCF_000690595.1	YES	YES	NO	NO	NO
RS_GCF_000698785.1	YES	YES	YES	YES	YES
RS_GCF_000710605.1	YES	YES	NO	NO	NO
RS_GCF_000710615.1	YES	NO	NO	NO	NO
RS_GCF_000711215.1	YES	YES	YES	NO	NO
RS_GCF_000711905.1	YES	YES	NO	NO	NO
RS_GCF_000723185.1	YES	YES	YES	NO	NO
RS_GCF_000723845.1	YES	YES	YES	YES	YES
RS_GCF_000725425.1	YES	YES	NO	NO	NO
RS_GCF_000731985.1	YES	NO	NO	NO	NO
RS_GCF_000734035.1	YES	NO	NO	NO	NO
RS_GCF_000739065.1	YES	YES	NO	NO	NO
RS_GCF_000739555.1	YES	YES	YES	NO	NO
RS_GCF_000739595.1	YES	NO	NO	NO	NO
RS_GCF_000744315.1	YES	YES	NO	NO	NO
RS_GCF_000745485.1	YES	YES	YES	YES	YES
RS_GCF_000746075.1	YES	YES	NO	NO	NO
RS_GCF_000746205.1	YES	NO	NO	NO	NO
RS_GCF_000747605.1	YES	YES	NO	NO	NO
RS_GCF_000755225.1	YES	NO	NO	NO	NO
RS_GCF_000755245.1	YES	NO	NO	NO	NO
RS_GCF_000762265.1	YES	YES	YES	NO	NO
RS_GCF_000765475.1	YES	NO	NO	NO	NO
RS_GCF_000769655.1	YES	YES	NO	NO	NO
RS_GCF_000784355.1	YES	NO	NO	NO	NO
RS_GCF_000789255.1	YES	YES	NO	NO	NO
RS_GCF_000812185.1	YES	NO	NO	NO	NO
RS_GCF_000813245.1	YES	NO	NO	NO	NO
RS_GCF_000816105.1	YES	YES	YES	NO	NO
RS_GCF_000824705.1	YES	NO	NO	NO	NO
RS_GCF_000827835.1	YES	YES	NO	NO	NO
RS_GCF_000828555.1	YES	YES	YES	YES	YES
RS_GCF_000828575.1	YES	YES	YES	NO	NO
RS_GCF_000953115.1	YES	YES	NO	NO	NO
RS_GCF_000955905.1	YES	NO	NO	NO	NO
RS_GCF_000966265.1	YES	NO	NO	NO	NO
RS_GCF_000968355.1	YES	NO	NO	NO	NO
RS_GCF_000968395.1	YES	YES	YES	YES	YES
RS_GCF_000968435.1	YES	NO	NO	NO	NO
RS_GCF_000969885.1	YES	NO	NO	NO	NO
RS_GCF_000969905.1	YES	YES	YES	YES	NO
RS_GCF_000969945.1	YES	YES	NO	NO	NO
RS_GCF_000969985.1	YES	NO	NO	NO	NO
RS_GCF_000970005.1	YES	YES	NO	NO	NO
RS_GCF_000970025.1	YES	NO	NO	NO	NO
RS_GCF_000970045.1	YES	YES	YES	NO	NO
RS_GCF_000970065.1	YES	NO	NO	NO	NO
RS_GCF_000970085.1	YES	NO	NO	NO	NO
RS_GCF_000970145.1	YES	NO	NO	NO	NO
RS_GCF_000970165.1	YES	YES	YES	NO	NO
RS_GCF_000970185.1	YES	NO	NO	NO	NO
RS_GCF_000970205.1	YES	YES	NO	NO	NO
RS_GCF_000970245.1	YES	NO	NO	NO	NO
RS_GCF_000970265.1	YES	YES	NO	NO	NO
RS_GCF_000970285.1	YES	NO	NO	NO	NO
RS_GCF_000970305.1	YES	YES	YES	YES	NO
RS_GCF_000978935.1	YES	YES	NO	NO	NO
RS_GCF_000978945.1	YES	NO	NO	NO	NO
RS_GCF_000978955.1	YES	YES	YES	NO	NO
RS_GCF_000978965.1	YES	YES	NO	NO	NO
RS_GCF_000979015.1	YES	NO	NO	NO	NO
RS_GCF_000979025.1	YES	NO	NO	NO	NO
RS_GCF_000979035.1	YES	YES	YES	YES	NO
RS_GCF_000979045.1	YES	YES	YES	YES	NO
RS_GCF_000979095.1	YES	YES	YES	YES	YES
RS_GCF_000979105.1	YES	NO	NO	NO	NO
RS_GCF_000979115.1	YES	NO	NO	NO	NO
RS_GCF_000979125.1	YES	YES	NO	NO	NO
RS_GCF_000979175.1	YES	YES	NO	NO	NO
RS_GCF_000979185.1	YES	NO	NO	NO	NO
RS_GCF_000979195.1	YES	YES	YES	YES	YES
RS_GCF_000979205.1	YES	YES	YES	NO	NO
RS_GCF_000979265.1	YES	NO	NO	NO	NO
RS_GCF_000979275.1	YES	NO	NO	NO	NO
RS_GCF_000979295.1	YES	YES	YES	YES	YES
RS_GCF_000979335.1	YES	NO	NO	NO	NO
RS_GCF_000979345.1	YES	YES	YES	NO	NO
RS_GCF_000979375.1	YES	YES	YES	YES	YES
RS_GCF_000979385.1	YES	YES	YES	NO	NO
RS_GCF_000979425.1	YES	NO	NO	NO	NO
RS_GCF_000979455.1	YES	YES	NO	NO	NO
RS_GCF_000979475.1	YES	YES	NO	NO	NO
RS_GCF_000979495.1	YES	YES	NO	NO	NO
RS_GCF_000979505.1	YES	NO	NO	NO	NO
RS_GCF_000979515.1	YES	YES	NO	NO	NO
RS_GCF_000979555.1	YES	YES	NO	NO	NO
RS_GCF_000979575.1	YES	NO	NO	NO	NO
RS_GCF_000979585.1	YES	YES	YES	NO	NO
RS_GCF_000979595.1	YES	YES	YES	YES	YES
RS_GCF_000979635.1	YES	NO	NO	NO	NO
RS_GCF_000979655.1	YES	YES	NO	NO	NO
RS_GCF_000979665.1	YES	NO	NO	NO	NO
RS_GCF_000979675.1	YES	YES	NO	NO	NO
RS_GCF_000979685.1	YES	YES	YES	NO	NO
RS_GCF_000979735.1	YES	NO	NO	NO	NO
RS_GCF_000979745.1	YES	YES	NO	NO	NO
RS_GCF_000979755.1	YES	NO	NO	NO	NO
RS_GCF_000979765.1	YES	YES	NO	NO	NO
RS_GCF_000979815.1	YES	YES	NO	NO	NO
RS_GCF_000979825.1	YES	YES	NO	NO	NO
RS_GCF_000979895.1	YES	NO	NO	NO	NO
RS_GCF_000979915.1	YES	NO	NO	NO	NO
RS_GCF_000979925.1	YES	YES	YES	YES	YES
RS_GCF_000979935.1	YES	NO	NO	NO	NO
RS_GCF_000979975.1	YES	NO	NO	NO	NO
RS_GCF_000979995.1	YES	NO	NO	NO	NO
RS_GCF_000980005.1	YES	YES	YES	YES	NO
RS_GCF_000980025.1	YES	NO	NO	NO	NO
RS_GCF_000980055.1	YES	YES	YES	YES	YES
RS_GCF_000980075.1	YES	NO	NO	NO	NO
RS_GCF_000980085.1	YES	YES	YES	NO	NO
RS_GCF_000980105.1	YES	NO	NO	NO	NO
RS_GCF_000980135.1	YES	YES	YES	YES	YES
RS_GCF_000980155.1	YES	NO	NO	NO	NO
RS_GCF_000980175.1	YES	YES	NO	NO	NO
RS_GCF_000993805.1	YES	YES	YES	YES	NO
RS_GCF_001006045.1	YES	NO	NO	NO	NO
RS_GCF_001011115.1	YES	NO	NO	NO	NO
RS_GCF_001017125.1	YES	YES	YES	NO	NO
RS_GCF_001027005.1	YES	YES	YES	YES	YES
RS_GCF_001190965.1	YES	NO	NO	NO	NO
RS_GCF_001266655.1	YES	YES	YES	NO	NO
RS_GCF_001266675.1	YES	NO	NO	NO	NO
RS_GCF_001266695.1	YES	NO	NO	NO	NO
RS_GCF_001266715.1	YES	NO	NO	NO	NO
RS_GCF_001266735.1	YES	NO	NO	NO	NO
RS_GCF_001280425.1	YES	NO	NO	NO	NO
RS_GCF_001280455.1	YES	YES	YES	NO	NO
RS_GCF_001282785.1	YES	NO	NO	NO	NO
RS_GCF_001304615.1	YES	NO	NO	NO	NO
RS_GCF_001305655.1	YES	YES	YES	YES	NO
RS_GCF_001316065.1	YES	YES	NO	NO	NO
RS_GCF_001316085.1	YES	YES	NO	NO	NO
RS_GCF_001317345.1	YES	YES	YES	YES	YES
RS_GCF_001412615.1	YES	YES	YES	NO	NO
RS_GCF_001433455.1	YES	YES	NO	NO	NO
RS_GCF_001458655.1	YES	YES	NO	NO	NO
RS_GCF_001462205.1	YES	YES	YES	YES	YES
RS_GCF_001462395.1	YES	NO	NO	NO	NO
RS_GCF_001469875.2	YES	NO	NO	NO	NO
RS_GCF_001469955.1	YES	YES	NO	NO	NO
RS_GCF_001477655.1	YES	NO	NO	NO	NO
RS_GCF_001481635.1	YES	YES	NO	NO	NO
RS_GCF_001481685.1	YES	YES	NO	NO	NO
RS_GCF_001482285.1	YES	YES	NO	NO	NO
RS_GCF_001484195.1	YES	YES	YES	YES	NO
RS_GCF_001484685.1	YES	NO	NO	NO	NO
RS_GCF_001485535.1	YES	YES	NO	NO	NO
RS_GCF_001485575.1	YES	NO	NO	NO	NO
RS_GCF_001488575.1	YES	YES	NO	NO	NO
RS_GCF_001541925.1	YES	YES	YES	NO	NO
RS_GCF_001548675.1	YES	NO	NO	NO	NO
RS_GCF_001559955.1	YES	NO	NO	NO	NO
RS_GCF_001559965.1	YES	NO	NO	NO	NO
RS_GCF_001559975.1	YES	NO	NO	NO	NO
RS_GCF_001559985.1	YES	YES	YES	NO	NO
RS_GCF_001560035.1	YES	NO	NO	NO	NO
RS_GCF_001560045.1	YES	YES	NO	NO	NO
RS_GCF_001560065.1	YES	YES	YES	YES	YES
RS_GCF_001560085.1	YES	NO	NO	NO	NO
RS_GCF_001560115.1	YES	YES	NO	NO	NO
RS_GCF_001560125.1	YES	NO	NO	NO	NO
RS_GCF_001560135.1	YES	YES	YES	NO	NO
RS_GCF_001560165.1	YES	YES	NO	NO	NO
RS_GCF_001560195.1	YES	NO	NO	NO	NO
RS_GCF_001560205.1	YES	YES	NO	NO	NO
RS_GCF_001560215.1	YES	YES	YES	YES	YES
RS_GCF_001560245.1	YES	YES	NO	NO	NO
RS_GCF_001560275.1	YES	NO	NO	NO	NO
RS_GCF_001560285.1	YES	YES	NO	NO	NO
RS_GCF_001560305.1	YES	YES	YES	YES	YES
RS_GCF_001560315.1	YES	YES	NO	NO	NO
RS_GCF_001560355.1	YES	NO	NO	NO	NO
RS_GCF_001560375.1	YES	YES	YES	YES	NO
RS_GCF_001560385.1	YES	NO	NO	NO	NO
RS_GCF_001560405.1	YES	NO	NO	NO	NO
RS_GCF_001560435.1	YES	YES	YES	YES	YES
RS_GCF_001560455.1	YES	NO	NO	NO	NO
RS_GCF_001560465.1	YES	YES	YES	NO	NO
RS_GCF_001560485.1	YES	YES	YES	YES	NO
RS_GCF_001560515.1	YES	YES	YES	YES	YES
RS_GCF_001560525.1	YES	YES	YES	YES	YES
RS_GCF_001560555.1	YES	YES	NO	NO	NO
RS_GCF_001560565.1	YES	NO	NO	NO	NO
RS_GCF_001560595.1	YES	NO	NO	NO	NO
RS_GCF_001560605.1	YES	YES	YES	YES	YES
RS_GCF_001560635.1	YES	NO	NO	NO	NO
RS_GCF_001560645.1	YES	NO	NO	NO	NO
RS_GCF_001560675.1	YES	YES	NO	NO	NO
RS_GCF_001560685.1	YES	YES	YES	NO	NO
RS_GCF_001560725.1	YES	YES	NO	NO	NO
RS_GCF_001560755.1	YES	NO	NO	NO	NO
RS_GCF_001560765.1	YES	NO	NO	NO	NO
RS_GCF_001560815.1	YES	NO	NO	NO	NO
RS_GCF_001560835.1	YES	YES	YES	NO	NO
RS_GCF_001563245.1	YES	YES	NO	NO	NO
RS_GCF_001571385.1	YES	YES	YES	YES	NO
RS_GCF_001571405.1	YES	NO	NO	NO	NO
RS_GCF_001592435.1	YES	YES	NO	NO	NO
RS_GCF_001593955.1	YES	YES	YES	NO	NO
RS_GCF_001602375.1	YES	NO	NO	NO	NO
RS_GCF_001639275.1	YES	NO	NO	NO	NO
RS_GCF_001639285.1	YES	YES	YES	YES	NO
RS_GCF_001639295.1	YES	NO	NO	NO	NO
RS_GCF_001647085.1	YES	YES	YES	YES	NO
RS_GCF_001647155.1	YES	NO	NO	NO	NO
RS_GCF_001719125.1	YES	YES	YES	YES	YES
RS_GCF_001729375.1	YES	YES	NO	NO	NO
RS_GCF_001729385.1	YES	YES	NO	NO	NO
RS_GCF_001729965.1	YES	NO	NO	NO	NO
RS_GCF_001748385.1	YES	NO	NO	NO	NO
RS_GCF_001767315.1	YES	NO	NO	NO	NO
RS_GCF_001861355.1	YES	YES	NO	NO	NO
RS_GCF_001886955.1	YES	NO	NO	NO	NO
RS_GCF_001888095.1	YES	YES	YES	NO	NO
RS_GCF_001889405.1	YES	NO	NO	NO	NO
RS_GCF_001950595.1	YES	NO	NO	NO	NO
RS_GCF_001953745.1	YES	NO	NO	NO	NO
RS_GCF_001971705.1	YES	YES	NO	NO	NO
RS_GCF_001989615.1	YES	NO	NO	NO	NO
RS_GCF_002025255.1	YES	NO	NO	NO	NO
RS_GCF_002072215.1	YES	NO	NO	NO	NO
RS_GCF_002135045.1	YES	NO	NO	NO	NO
RS_GCF_002153915.1	YES	NO	NO	NO	NO
RS_GCF_002156705.1	YES	YES	NO	NO	NO
RS_GCF_002156965.1	YES	YES	NO	NO	NO
RS_GCF_002177135.1	YES	NO	NO	NO	NO
RS_GCF_002194565.1	YES	NO	NO	NO	NO
RS_GCF_002197185.1	YES	NO	NO	NO	NO
RS_GCF_002201915.1	YES	NO	NO	NO	NO
RS_GCF_002208625.1	YES	NO	NO	NO	NO
RS_GCF_002214365.1	YES	NO	NO	NO	NO
RS_GCF_002214385.1	YES	NO	NO	NO	NO
RS_GCF_002214465.1	YES	YES	NO	NO	NO
RS_GCF_002214485.1	YES	NO	NO	NO	NO
RS_GCF_002214505.1	YES	NO	NO	NO	NO
RS_GCF_002214525.1	YES	NO	NO	NO	NO
RS_GCF_002214545.1	YES	NO	NO	NO	NO
RS_GCF_002214565.1	YES	NO	NO	NO	NO
RS_GCF_002214585.1	YES	YES	NO	NO	NO
RS_GCF_002215305.1	YES	NO	NO	NO	NO
RS_GCF_002215405.1	YES	YES	YES	YES	YES
RS_GCF_002215445.1	YES	NO	NO	NO	NO
RS_GCF_002215485.1	YES	YES	YES	NO	NO
RS_GCF_002215525.1	YES	NO	NO	NO	NO
RS_GCF_002215565.1	YES	NO	NO	NO	NO
RS_GCF_002252585.1	YES	NO	NO	NO	NO
RS_GCF_002252835.1	YES	YES	NO	NO	NO
RS_GCF_002252875.1	YES	NO	NO	NO	NO
RS_GCF_002252895.1	YES	NO	NO	NO	NO
RS_GCF_002252925.1	YES	NO	NO	NO	NO
RS_GCF_002252965.1	YES	YES	YES	YES	YES
RS_GCF_002287195.1	YES	YES	NO	NO	NO
RS_GCF_002287215.1	YES	NO	NO	NO	NO
RS_GCF_002355635.1	YES	NO	NO	NO	NO
RS_GCF_002355655.1	YES	NO	NO	NO	NO
RS_GCF_002379115.1	YES	YES	YES	NO	NO
RS_GCF_002487355.1	YES	YES	YES	NO	NO
RS_GCF_002494345.1	YES	NO	NO	NO	NO
RS_GCF_002572525.1	YES	NO	NO	NO	NO
RS_GCF_002727095.1	YES	NO	NO	NO	NO
RS_GCF_002727125.1	YES	YES	YES	YES	NO
RS_GCF_002761295.1	YES	NO	NO	NO	NO
RS_GCF_002787055.1	YES	NO	NO	NO	NO
RS_GCF_002788215.1	YES	YES	NO	NO	NO
RS_GCF_002813085.1	YES	YES	NO	NO	NO
RS_GCF_002813655.1	YES	NO	NO	NO	NO
RS_GCF_002813675.1	YES	NO	NO	NO	NO
RS_GCF_002844195.1	YES	YES	NO	NO	NO
RS_GCF_002844335.1	YES	NO	NO	NO	NO
RS_GCF_002855455.1	YES	YES	NO	NO	NO
RS_GCF_002906215.1	YES	YES	NO	NO	NO
RS_GCF_002906575.1	YES	NO	NO	NO	NO
RS_GCF_002945325.1	YES	NO	NO	NO	NO
RS_GCF_002952775.1	YES	YES	YES	NO	NO
RS_GCF_002973515.1	YES	YES	YES	NO	NO
RS_GCF_003045125.1	YES	YES	NO	NO	NO
RS_GCF_003052125.1	YES	NO	NO	NO	NO
RS_GCF_003058365.1	YES	NO	NO	NO	NO
RS_GCF_003111605.1	YES	NO	NO	NO	NO
RS_GCF_003111625.1	YES	YES	NO	NO	NO
RS_GCF_003149675.1	YES	YES	NO	NO	NO
RS_GCF_003173335.1	YES	YES	NO	NO	NO
RS_GCF_003173355.1	YES	NO	NO	NO	NO
RS_GCF_003175215.1	YES	YES	NO	NO	NO
RS_GCF_003201675.1	YES	NO	NO	NO	NO
RS_GCF_003201765.1	YES	YES	NO	NO	NO
RS_GCF_003201835.1	YES	YES	YES	YES	NO
RS_GCF_003264935.1	YES	YES	NO	NO	NO
RS_GCF_003265405.1	YES	YES	NO	NO	NO
RS_GCF_003268005.1	YES	YES	NO	NO	NO
RS_GCF_003287355.1	YES	NO	NO	NO	NO
RS_GCF_003298465.1	YES	NO	NO	NO	NO
RS_GCF_003336245.1	YES	NO	NO	NO	NO
RS_GCF_003342675.1	YES	YES	NO	NO	NO
RS_GCF_003342695.1	YES	YES	YES	YES	YES
RS_GCF_003344565.1	YES	NO	NO	NO	NO
RS_GCF_003351065.1	YES	YES	YES	NO	NO
RS_GCF_003369835.1	YES	NO	NO	NO	NO
RS_GCF_003382685.1	YES	NO	NO	NO	NO
RS_GCF_003383005.1	YES	NO	NO	NO	NO
RS_GCF_003383025.1	YES	YES	YES	YES	NO
RS_GCF_003383065.1	YES	NO	NO	NO	NO
RS_GCF_003383085.1	YES	YES	NO	NO	NO
RS_GCF_003383095.1	YES	NO	NO	NO	NO
RS_GCF_003385755.1	YES	YES	YES	NO	NO
RS_GCF_003430805.1	YES	YES	YES	NO	NO
RS_GCF_003430825.1	YES	YES	YES	NO	NO
RS_GCF_003431325.1	YES	NO	NO	NO	NO
RS_GCF_003439925.1	YES	NO	NO	NO	NO
RS_GCF_003586325.1	YES	YES	NO	NO	NO
RS_GCF_003602035.1	YES	NO	NO	NO	NO
RS_GCF_003605575.1	YES	YES	YES	YES	NO
RS_GCF_003610195.1	YES	NO	NO	NO	NO
RS_GCF_003634715.1	YES	NO	NO	NO	NO
RS_GCF_003665865.1	YES	YES	YES	YES	YES
RS_GCF_003665885.1	YES	YES	YES	NO	NO
RS_GCF_003665905.1	YES	NO	NO	NO	NO
RS_GCF_003665985.1	YES	NO	NO	NO	NO
RS_GCF_003666025.1	YES	NO	NO	NO	NO
RS_GCF_003666065.1	YES	NO	NO	NO	NO
RS_GCF_003670115.1	YES	YES	NO	NO	NO
RS_GCF_003675855.1	YES	YES	NO	NO	NO
RS_GCF_003675875.1	YES	YES	NO	NO	NO
RS_GCF_003688715.1	YES	NO	NO	NO	NO
RS_GCF_003697845.1	YES	YES	NO	NO	NO
RS_GCF_003721175.1	YES	NO	NO	NO	NO
RS_GCF_003721435.1	YES	YES	YES	YES	YES
RS_GCF_003722055.1	YES	YES	NO	NO	NO
RS_GCF_003722075.1	YES	YES	YES	NO	NO
RS_GCF_003722115.1	YES	NO	NO	NO	NO
RS_GCF_003722155.1	YES	NO	NO	NO	NO
RS_GCF_003730195.1	YES	YES	NO	NO	NO
RS_GCF_003781945.1	YES	NO	NO	NO	NO
RS_GCF_003814835.1	YES	YES	YES	YES	NO
RS_GCF_003841465.1	YES	NO	NO	NO	NO
RS_GCF_003841485.1	YES	YES	YES	NO	NO
RS_GCF_003841505.1	YES	YES	NO	NO	NO
RS_GCF_003852095.1	YES	NO	NO	NO	NO
RS_GCF_003852135.1	YES	YES	YES	YES	YES
RS_GCF_003852155.1	YES	NO	NO	NO	NO
RS_GCF_003852175.1	YES	YES	NO	NO	NO
RS_GCF_003852195.1	YES	NO	NO	NO	NO
RS_GCF_003852215.1	YES	NO	NO	NO	NO
RS_GCF_003856835.1	YES	NO	NO	NO	NO
RS_GCF_003862495.1	YES	YES	YES	NO	NO
RS_GCF_003967175.1	YES	YES	YES	YES	YES
RS_GCF_003977755.1	YES	NO	NO	NO	NO
RS_GCF_003990725.1	YES	YES	YES	NO	NO
RS_GCF_003992375.1	YES	NO	NO	NO	NO
RS_GCF_003992425.1	YES	NO	NO	NO	NO
RS_GCF_004015825.1	YES	NO	NO	NO	NO
RS_GCF_004087835.1	YES	NO	NO	NO	NO
RS_GCF_004099695.1	YES	NO	NO	NO	NO
RS_GCF_004102725.1	YES	YES	NO	NO	NO
RS_GCF_004104135.1	YES	YES	NO	NO	NO
RS_GCF_004114375.1	YES	NO	NO	NO	NO
RS_GCF_004114995.1	YES	YES	NO	NO	NO
RS_GCF_004116405.1	YES	YES	NO	NO	NO
RS_GCF_004126515.1	YES	YES	NO	NO	NO
RS_GCF_004137855.1	YES	NO	NO	NO	NO
RS_GCF_004209855.1	YES	YES	YES	YES	YES
RS_GCF_004297185.1	YES	YES	NO	NO	NO
RS_GCF_004310395.1	YES	YES	YES	YES	YES
RS_GCF_004340645.1	YES	YES	NO	NO	NO
RS_GCF_004363215.1	YES	NO	NO	NO	NO
RS_GCF_004681185.1	YES	YES	NO	NO	NO
RS_GCF_004698125.1	YES	NO	NO	NO	NO
RS_GCF_004745425.1	YES	YES	YES	NO	NO
RS_GCF_004762015.1	YES	YES	NO	NO	NO
RS_GCF_004765785.1	YES	YES	YES	YES	YES
RS_GCF_004765795.1	YES	YES	YES	YES	NO
RS_GCF_004765805.1	YES	YES	YES	NO	NO
RS_GCF_004785955.1	YES	YES	NO	NO	NO
RS_GCF_004799605.1	YES	NO	NO	NO	NO
RS_GCF_004799645.1	YES	NO	NO	NO	NO
RS_GCF_004799665.1	YES	YES	YES	NO	NO
RS_GCF_004799685.1	YES	NO	NO	NO	NO
RS_GCF_004803735.1	YES	NO	NO	NO	NO
RS_GCF_004916935.1	YES	YES	NO	NO	NO
RS_GCF_004916945.1	YES	NO	NO	NO	NO
RS_GCF_004944975.1	YES	NO	NO	NO	NO
RS_GCF_005049285.1	YES	NO	NO	NO	NO
RS_GCF_005239175.1	YES	NO	NO	NO	NO
RS_GCF_005239425.1	YES	NO	NO	NO	NO
RS_GCF_005239435.1	YES	YES	YES	YES	YES
RS_GCF_005310945.1	YES	NO	NO	NO	NO
RS_GCF_005406125.1	YES	NO	NO	NO	NO
RS_GCF_005406325.1	YES	NO	NO	NO	NO
RS_GCF_005435015.1	YES	NO	NO	NO	NO
RS_GCF_005435025.1	YES	YES	NO	NO	NO
RS_GCF_005435035.1	YES	YES	YES	YES	YES
RS_GCF_005435095.1	YES	NO	NO	NO	NO
RS_GCF_005435115.1	YES	YES	YES	NO	NO
RS_GCF_005435135.1	YES	NO	NO	NO	NO
RS_GCF_005435165.1	YES	YES	YES	YES	NO
RS_GCF_005435175.1	YES	NO	NO	NO	NO
RS_GCF_005435195.1	YES	YES	NO	NO	NO
RS_GCF_005435225.1	YES	YES	NO	NO	NO
RS_GCF_005435235.1	YES	NO	NO	NO	NO
RS_GCF_005485005.1	YES	NO	NO	NO	NO
RS_GCF_005543295.1	YES	YES	NO	NO	NO
RS_GCF_005576615.1	YES	NO	NO	NO	NO
RS_GCF_005890195.1	YES	YES	NO	NO	NO
RS_GCF_005954745.1	YES	NO	NO	NO	NO
RS_GCF_006274605.1	YES	NO	NO	NO	NO
RS_GCF_006543045.1	YES	YES	YES	NO	NO
RS_GCF_006740685.1	YES	NO	NO	NO	NO
RS_GCF_006861655.1	YES	NO	NO	NO	NO
RS_GCF_006861665.1	YES	NO	NO	NO	NO
RS_GCF_007004735.1	YES	NO	NO	NO	NO
RS_GCF_900003505.1	YES	YES	NO	NO	NO
RS_GCF_900003515.1	YES	NO	NO	NO	NO
RS_GCF_900003525.1	YES	NO	NO	NO	NO
RS_GCF_900003565.1	YES	YES	YES	NO	NO
RS_GCF_900003575.1	YES	NO	NO	NO	NO
RS_GCF_900004275.1	YES	YES	YES	YES	YES
RS_GCF_900005775.1	YES	NO	NO	NO	NO
RS_GCF_900036045.1	YES	YES	YES	NO	NO
RS_GCF_900069765.1	YES	NO	NO	NO	NO
RS_GCF_900079115.1	YES	YES	NO	NO	NO
RS_GCF_900079125.1	YES	NO	NO	NO	NO
RS_GCF_900095295.1	YES	NO	NO	NO	NO
RS_GCF_900095385.1	YES	YES	NO	NO	NO
RS_GCF_900095815.1	YES	NO	NO	NO	NO
RS_GCF_900100335.1	YES	NO	NO	NO	NO
RS_GCF_900100385.1	YES	YES	NO	NO	NO
RS_GCF_900100875.1	YES	NO	NO	NO	NO
RS_GCF_900102305.1	YES	NO	NO	NO	NO
RS_GCF_900103715.1	YES	NO	NO	NO	NO
RS_GCF_900104065.1	YES	NO	NO	NO	NO
RS_GCF_900106715.1	YES	YES	YES	NO	NO
RS_GCF_900106905.1	YES	NO	NO	NO	NO
RS_GCF_900107195.1	YES	YES	YES	NO	NO
RS_GCF_900107205.1	YES	NO	NO	NO	NO
RS_GCF_900107665.1	YES	NO	NO	NO	NO
RS_GCF_900108095.1	YES	YES	NO	NO	NO
RS_GCF_900108165.1	YES	NO	NO	NO	NO
RS_GCF_900108505.1	YES	YES	NO	NO	NO
RS_GCF_900109065.1	YES	YES	YES	NO	NO
RS_GCF_900109425.1	YES	YES	YES	YES	NO
RS_GCF_900109595.1	YES	YES	YES	NO	NO
RS_GCF_900109695.1	YES	YES	YES	YES	NO
RS_GCF_900110215.1	YES	YES	NO	NO	NO
RS_GCF_900110455.1	YES	NO	NO	NO	NO
RS_GCF_900110465.1	YES	NO	NO	NO	NO
RS_GCF_900110535.1	YES	YES	NO	NO	NO
RS_GCF_900110865.1	YES	YES	YES	NO	NO
RS_GCF_900111485.1	YES	YES	YES	YES	YES
RS_GCF_900111645.1	YES	YES	NO	NO	NO
RS_GCF_900111935.1	YES	NO	NO	NO	NO
RS_GCF_900112175.1	YES	NO	NO	NO	NO
RS_GCF_900112205.1	YES	NO	NO	NO	NO
RS_GCF_900114025.1	YES	YES	YES	YES	NO
RS_GCF_900114435.1	YES	NO	NO	NO	NO
RS_GCF_900114455.1	YES	YES	YES	YES	NO
RS_GCF_900114585.1	YES	NO	NO	NO	NO
RS_GCF_900114835.1	YES	NO	NO	NO	NO
RS_GCF_900115675.1	YES	YES	NO	NO	NO
RS_GCF_900115785.1	YES	YES	NO	NO	NO
RS_GCF_900116205.1	YES	YES	NO	NO	NO
RS_GCF_900129775.1	YES	YES	NO	NO	NO
RS_GCF_900143675.1	YES	YES	YES	YES	NO
RS_GCF_900156425.1	YES	YES	YES	YES	NO
RS_GCF_900156445.1	YES	YES	YES	NO	NO
RS_GCF_900156475.1	YES	YES	NO	NO	NO
RS_GCF_900167955.1	YES	YES	NO	NO	NO
RS_GCF_900177455.1	YES	YES	YES	YES	NO
RS_GCF_900182635.1	YES	NO	NO	NO	NO
RS_GCF_900188075.1	YES	YES	NO	NO	NO
RS_GCF_900198835.1	YES	NO	NO	NO	NO
RS_GCF_900215215.1	YES	NO	NO	NO	NO
RS_GCF_900289035.1	YES	NO	NO	NO	NO
RS_GCF_900650605.1	YES	YES	NO	NO	NO
RS_GCF_900773915.1	YES	NO	NO	NO	NO
RS_GCF_900773955.1	YES	NO	NO	NO	NO
RS_GCF_900774055.1	YES	YES	YES	YES	NO
RS_GCF_900774285.1	YES	NO	NO	NO	NO
RS_GCF_900880625.1	YES	YES	YES	NO	NO